"store_type","total_sales","percentage_of_total_sales","order_count"
"Local",4200344.269999824,65.019475126743,"78409"
"Mall Kiosk",705645.900000005,10.923087036230111,"13142"
"Outlet",508029.4100000035,7.864071005577486,"9207"
"Super Store",1045045.190000003,16.176838223198892,"19276"
"Web Portal",1067.77,0.016528608250505446,"43"
